	Object Number	Is Highlight	Is Public Domain	Object ID	Department	Object Name	Title	Culture	Period	Dynasty	Reign	Portfolio	Artist Role	Artist Prefix	Artist Display Name	Artist Display Bio	Artist Suffix	Artist Alpha Sort	Artist Nationality	Artist Begin Date	Artist End Date	Object Date	Object Begin Date	Object End Date	Medium	Dimensions	Credit Line	Geography Type	City	State	County	Country	Region	Subregion	Locale	Locus	Excavation	River	Classification	Rights and Reproduction	Link Resource	Metadata Date	Repository
208883	1984.66	False	True	334372	Drawings and Prints	Drawing	Allegorical Figure of the City of Piacenza, for a Pendentive in the Chapel of Saint-Roch, Church of Saint-Sulpice, Paris (recto); Studies for the Same Figure (verso)						Artist		Alexandre Denis Abel de Pujol	French, Valenciennes 1785–1861 Paris		Abel de Pujol, Alexandre Denis	French	1785      	1861      	1821	1821	1821	Graphite, heightened with white, squared in graphite, on beige paper	Sheet: 11 13/16 x 9 1/2 in. (30 x 24.2cm)	Purchase, The David L. Klein, Jr. Memorial Foundation, Inc. Gift, 1984												Drawings		http://www.metmuseum.org/art/collection/search/334372	4/10/2017 8:00:07 AM	Metropolitan Museum of Art, New York, NY
208884	1984.76	False	True	334373	Drawings and Prints	Drawing	"Study for ""Mme Théodore Gobillard"" (née Yves Morisot)"						Artist		Edgar Degas	French, Paris 1834–1917 Paris		Degas, Edgar	French	1834      	1917      	1869	1869	1869	Graphite, squared, on buff tracing paper, mounted on laid paper	Sheet: 12 3/8 x 17 5/16 in. (31.5 x 44cm)	Purchase, Harris Brisbane Dick Fund, David T. Schiff Gift, and Gifts in memory of Joseph Thomas, 1984												Drawings		http://www.metmuseum.org/art/collection/search/334373	4/10/2017 8:00:07 AM	Metropolitan Museum of Art, New York, NY
208998	1991.1	False	True	334488	Drawings and Prints	Drawing	Group of Apostles						Draftsman		Hippolyte Flandrin	French, Lyons 1809–1864 Rome		Flandrin, Hippolyte	French	1809      	1864      	1854–61	1854	1861	Graphite, squared, on light gray paper	12 1/16 x 8 7/8 in. (30.6 x 22.6cm)	Purchase, Stephen A. Geiger Gift, 1991												Drawings		http://www.metmuseum.org/art/collection/search/334488	4/10/2017 8:00:07 AM	Metropolitan Museum of Art, New York, NY
208999	1991.111	False	True	334489	Drawings and Prints	Drawing	Standing Soldier: Study for the Chapel of Saints Peter and Paul in the Church of  Saint-Séverin, Paris						Artist		Victor-François-Eloi Biennourry	French, Bar-sur-Aube 1823–1893 Paris		Biennourry, Victor-François-Eloi	French	1823      	1893      	1851–52	1851	1852	Conté crayon and red chalk, heightened with white, squared in conté crayon	Sheet: 17 5/16 x 8 7/8 in. (43.9 x 22.5cm)	Purchase, Mrs. Carl L. Selden Gift, in memory of Carl L. Selden,												Drawings		http://www.metmuseum.org/art/collection/search/334489	4/10/2017 8:00:07 AM	Metropolitan Museum of Art, New York, NY
209060	1992.1043.4	False	False	334551	Drawings and Prints	Print	Untitled					"From the series ""Forms Derived from a Cube"" (set of 24)"	Artist|Printer|Publisher	Printed by|Published by	Sol LeWitt|Jeryl Parker|Multiples/Goodman Gallery	American, Hartford, Connecticut 1928–2007 New York		Lewitt, Sol|Parker, Jeryl|Multiples/Goodman Gallery	American|American	1928      |1900      	2007      |1999      	1982	1982	1982	Aquatint and etching	"sheet: 20 11/16 x 21 in. (52.5 x 53.3cm)
plate: 17 11/16 x 17 15/16 in. (45 x 45.5cm)"	Gift of Norman B. Colp and Marsha Stern-Colp, 1992												Prints	© 2017 Artists Rights Society (ARS), New York	http://www.metmuseum.org/art/collection/search/334551	4/10/2017 8:00:07 AM	Metropolitan Museum of Art, New York, NY
210291	53.600.3678	False	True	335792	Drawings and Prints	Drawing	Landscape with a Large Building						Artist		Franz von Hauslab the Younger	Austrian, Vienna 1798–1883		Hauslab, Franz  von, the Younger	Austrian	1798      	1883      	1818–83	1818	1883	Watercolor over graphite	9 5/8 x 15 3/4 in.  (24.4 x 40 cm)	Harris Brisbane Dick Fund, 1953												Drawings		http://www.metmuseum.org/art/collection/search/335792	4/10/2017 8:00:07 AM	Metropolitan Museum of Art, New York, NY
210292	53.600.3637	False	True	335793	Drawings and Prints	Drawing	Landscape with a Large Building						Artist		Franz von Hauslab the Younger	Austrian, Vienna 1798–1883		Hauslab, Franz  von, the Younger	Austrian	1798      	1883      	1818–83	1818	1883	Graphite, squared	14 7/8 x 19 1/2 in.  (37.8 x 49.6 cm)	Harris Brisbane Dick Fund, 1953												Drawings		http://www.metmuseum.org/art/collection/search/335793	4/10/2017 8:00:07 AM	Metropolitan Museum of Art, New York, NY
210564	1996.142.2	False	True	336066	Drawings and Prints	Drawing	Study of Drapery						Artist		Jean-Baptiste Joseph Wicar	French, Lille 1762–1834 Rome		Wicar, Jean-Baptiste Joseph	French	1762      	1834      	1818	1818	1818	Black chalk, heightened with white, squared in black chalk, on beige paper	8 1/2 x 6 9/16 in.  (21.6 x 16.7 cm)	Gift of Margot and Leonard Gordon, 1996												Drawings		http://www.metmuseum.org/art/collection/search/336066	4/10/2017 8:00:07 AM	Metropolitan Museum of Art, New York, NY
211271	1998.406.2	False	True	336782	Drawings and Prints	Drawing	"A Woman Distributing Bread from a Basket: Study for ""Feed the Hungry,"" in the Chapel of the Seven Corporal Works of Mercy (Les Oeuvres de Miséricorde), Church of Saint-Eustache, Paris"						Artist		Victor-François-Eloi Biennourry	French, Bar-sur-Aube 1823–1893 Paris		Biennourry, Victor-François-Eloi	French	1823      	1893      	1850–53	1850	1853	Fabricated black and white chalk, squared with fabricated black chalk, on blue laid paper	15-3/4 x 9-7/8 in.  (40.0 x 25.1 cm)	Gift of Alexander B.V. Johnson and Roberta J.M. Olson, 1998												Drawings		http://www.metmuseum.org/art/collection/search/336782	4/10/2017 8:00:07 AM	Metropolitan Museum of Art, New York, NY
211795	63.167.8	False	True	337307	Drawings and Prints	Drawing	View of the Colosseum from the Basilica of Domitian and the Flavian Palace, Rome						Artist		Henri-Joseph Harpignies	French, Valenciennes 1819–1916 Saint-Privé		Harpignies, Henri-Joseph	French	1819      	1916      	1864	1864	1864	Watercolor over graphite, lightly squared in graphite	"Overall: 10 1/16 x 14 1/2in. (25.6 x 36.8cm)
frame: 16 x 21 in. (40.6 cm)"	Purchase, Arnold Whitridge Gift, 1963												Drawings		http://www.metmuseum.org/art/collection/search/337307	4/10/2017 8:00:07 AM	Metropolitan Museum of Art, New York, NY
213488	24.45.1	False	True	339008	Drawings and Prints	Book	Perspectiva Corporum Regularium						Engraver|Artist	after	Jost Amman|Wenzel Jamnitzer	Swiss, Zurich before 1539–1591 Nuremberg|German, Vienna 1507/8–1585 Nuremberg		Amman, Jost|Jamnitzer, Wenzel	Swiss|German	1539      |1507      	1591      |1585      	1568	1568	1568	Etching	Overall: 13 3/4 x 10 1/16 x 3/8in. (35 x 25.5 x 1cm)	Harris Brisbane Dick Fund, 1924		Nuremberg										Books		http://www.metmuseum.org/art/collection/search/339008	4/10/2017 8:00:07 AM	Metropolitan Museum of Art, New York, NY
214139	35.93.1	False	True	339662	Drawings and Prints	Drawing	"Study for Geometry in “The Sorbonne"""						Artist		Pierre Puvis de Chavannes	French, Lyons 1824–1898 Paris		Puvis de Chavannes, Pierre	French	1824      	1898      	1886–87	1886	1887	Fabricated black crayon, squared with blue crayon	10 x 6 7/8 in. (25.4 x 17.5 cm)	Purchase, Fletcher Fund, 1935												Drawings		http://www.metmuseum.org/art/collection/search/339662	4/10/2017 8:00:07 AM	Metropolitan Museum of Art, New York, NY
214140	35.93.2	False	True	339663	Drawings and Prints	Drawing	Seated Figure: Study for “A Vision of Antiquity”						Artist		Pierre Puvis de Chavannes	French, Lyons 1824–1898 Paris		Puvis de Chavannes, Pierre	French	1824      	1898      	1883–85	1883	1885	Fabricated black crayon, squared	14 5/8 x 10 1/4 in. (37.2 x 26 cm)	Purchase, Fletcher Fund, 1935												Drawings		http://www.metmuseum.org/art/collection/search/339663	4/10/2017 8:00:07 AM	Metropolitan Museum of Art, New York, NY
216485	67.660	False	False	342036	Drawings and Prints	Print	0 through 9						Publisher|Artist|Printer	Published by	Universal Limited Art Editions|Jasper Johns|Donn Steward	American, born Augusta, Georgia, 1930		Universal Limited Art Editions|Johns, Jasper|Steward, Donn	American|American 	1950      |1930      	2050      |2030      	1967	1967	1967	Lithograph	25 x 20 inches (63.5 x 50.8 cm.)	John B. Turner Fund, 1967												Prints		http://www.metmuseum.org/art/collection/search/342036	4/10/2017 8:00:07 AM	Metropolitan Museum of Art, New York, NY
223378	1981.1178.10	False	True	349058	Drawings and Prints	Book	Underweysung der messung mit dem zirckel un richt scheyt						Artist|Printer	Printed by	Albrecht Dürer|Hieronymus Andreae, called Formschneyder	German, Nuremberg 1471–1528 Nuremberg|German, 1525–1556		Dürer, Albrecht|Andreae, Hieronymus	German|German	1471      |1525      	1528      |1556      	1525	1525	1525	Woodcut	Overall: 11 x 8 5/16 x 15/16 in. (28 x 21.1 x 2.4 cm)	The George Khuner Collection, Gift of Mrs. George Khuner, 1981												Books		http://www.metmuseum.org/art/collection/search/349058	4/10/2017 8:00:07 AM	Metropolitan Museum of Art, New York, NY
224759	25.30.109	False	False	350456	Drawings and Prints	Book	Summa de Arithmetica						Author|Publisher	Written by|Published by	Francisco di Lionardo Ghaligaio|Bernardo Zucchetta	Italian, active Florence, 1505–23	, Firenze	Ghaligaio, Francisco di Lionardo|Zucchetta, Bernardo	Italian|Italian	1505      	1523      	May 15, 1521	1521	1521			Harris Brisbane Dick Fund, 1925		Florence										Books		http://www.metmuseum.org/art/collection/search/350456	4/10/2017 8:00:07 AM	Metropolitan Museum of Art, New York, NY
227275	25.53.1	False	False	352997	Drawings and Prints	Book	Des Circkels unnd Richtscheyts, auch der Perspectiva und Proportion der Menschen und Rosse, kurtze, doch gründtliche underweisung deß rechten gebrauchs						Artist|Printer|Publisher	Printed by|Published by	Heinrich Lautensack|Georg Rab|Sigmund Feyerabend and Heinrich Lautensack	German, 1561–1580|German		Lautensack, Heinrich|Rab, Georg|Feyerabend, Sigmund and Heinrich Lautensack	German|German|German	1561      	1580      	1564	1564	1564	Woodcuts	Overall: 11 3/4 x 8 1/4 x 1/2 in. (29.9 x 21 x 1.3 cm)	Harris Brisbane Dick Fund, 1925												Books		http://www.metmuseum.org/art/collection/search/352997	4/10/2017 8:00:07 AM	Metropolitan Museum of Art, New York, NY
230287	37.39.5	False	True	356047	Drawings and Prints	Book	Margarita Philosophica						Author|Artist|Printer	Written by	Gregorius Reisch|Urs Graf|Johann Schott	Swiss, Solothurn ca. 1485–1529/30 Basel|German, 1477–ca. 1548 Strasbourg		Reisch, Gregorius|Graf, Urs|Schott, Johann	German|Swiss|German	1485      |1477      	1529      |1548      	16 March 1504 or 17 April 1504	1504	1504	Woodcut	Overall: 8 7/8 x 6 1/8 x 2 3/4 in. (22.5 x 15.5 x 7 cm)	Harris Brisbane Dick Fund, 1937												Books		http://www.metmuseum.org/art/collection/search/356047	4/10/2017 8:00:07 AM	Metropolitan Museum of Art, New York, NY
231056	46.134	False	True	356827	Drawings and Prints	Book	Underweissung der Proportzion und stellung der possen						Designer|Printer|Binder	Designed by|Printed by|Bound by	Erhard Schön|Christoff Zell|William Chatto	German, Nuremberg 1491–1542 Nuremberg|German, active Nuremberg, 1524–43		Schön, Erhard|Zell, Christoff|Chatto, William	German|German	1491      |1500      	1542      |1544      	1538	1538	1538	Woodcuts	Overall: 6 15/16 x 5 3/8 x 3/8 in. (17.7 x 13.7 x 1 cm)	Harris Brisbane Dick Fund, 1946												Books		http://www.metmuseum.org/art/collection/search/356827	4/10/2017 8:00:07 AM	Metropolitan Museum of Art, New York, NY
232465	25.30.105	False	False	358270	Drawings and Prints	Book	Arismetrica: Valle Siculi						Author	Written by	Nicolaus Valla			Valla, Nicolaus				ca. 1490–1500	1485	1505			Harris Brisbane Dick Fund, 1925		Florence										Books		http://www.metmuseum.org/art/collection/search/358270	4/10/2017 8:00:07 AM	Metropolitan Museum of Art, New York, NY
233269	35.93.1	False	False	359117	Drawings and Prints	Book ; Ornament and Architecture	An Attempt to Discriminate the Styles of Architecture						Architect|Publisher|Printer|Engraver		Thomas Rickman|Longman, Hurst, Rees and Orme|George Smith, Liverpool|William Miller	British, Maidenhead, Berkshire, 1776–1841|London|British, Edinburgh, Scotland 1796–1882 Sheffield		Rickman, Thomas|Longman, Hurst, Rees and Orme|Smith, George|Miller, William	British|British|British|British, Scottish	1776      |1790      |1800      |1796      	1841      |1830      |1850      |1882      	1825	1825	1825	Illustrations: etching and engraving	9 1/8 × 5 11/16 × 1 3/8 in. (23.2 × 14.5 × 3.5 cm)	Harris Brisbane Dick Fund, 1935												Books|Ornament & Architecture		http://www.metmuseum.org/art/collection/search/359117	4/10/2017 8:00:07 AM	Metropolitan Museum of Art, New York, NY
234123	51.501.261	False	True	359981	Drawings and Prints	Print	Garden of Mathematical Sciences						Artist		Francesco Curti	Italian, 1603–1670		Curti, Francesco	Italian	1603      	1670      	17th century	1615	1670	Engraving		The Elisha Whittelsey Collection, The Elisha Whittelsey Fund, 1951												Prints		http://www.metmuseum.org/art/collection/search/359981	4/10/2017 8:00:07 AM	Metropolitan Museum of Art, New York, NY
234159	19.73.85	False	True	360018	Drawings and Prints	Print	Melencolia I						Artist		Albrecht Dürer	German, Nuremberg 1471–1528 Nuremberg		Dürer, Albrecht	German	1471      	1528      	1514	1514	1514	Engraving; second state	sheet: 9 9/16 x 7 7/16 in. (24.3 x 18.9 cm) trimmed to plate line	Fletcher Fund, 1919												Prints		http://www.metmuseum.org/art/collection/search/360018	4/10/2017 8:00:07 AM	Metropolitan Museum of Art, New York, NY
240103	2004.430	False	True	366319	Drawings and Prints	Drawing	An Alleyway between Houses						Artist	Attributed to	Théodore Rousseau	French, Paris 1812–1867 Barbizon		Rousseau, Théodore	French	1812      	1867      	1858	1858	1858	Pen and ink over graphite, squared in graphite	sheet: 14 5/16 x 11 in. (36.4 x 27.9 cm)	Gift of Jill Newhouse, 2004												Drawings		http://www.metmuseum.org/art/collection/search/366319	4/10/2017 8:00:07 AM	Metropolitan Museum of Art, New York, NY
241436	41.100.331	False	False	367690	Drawings and Prints	Book	Di Lucio Vitruvio Pollione De architectura Libri Dece traducti de latino in vulgare affigurati: commentati: & con mirando ordine insigniti						Author|Translator|Translator|Translator|Illustrator|Publisher|Publisher|Printer	Written by|Translation and Commentary by|Translated by|Translated by|Illustrated by|Published by|Published by|Printed by	Marcus Pollio Vitruvius|Cesare Cesariano|Benedetto Giovio|Bono Mauro|Cesare Cesariano|Agostino Gallo|Luigi Pirovano|Gottardo da Ponte	Roman, active late 1st century B.C.|Italian, 1476/78–1543|Italian, 1471–1545|Italian, active 16th century|Italian, 1476/78–1543|Italian, active 16th century|Italian, active 16th century		Vitruvius, Marcus|Cesariano, Cesare|Giovio, Benedetto|Mauro, Bono|Cesariano, Cesare|Gallo, Agostino|Pirovano, Luigi|Ponte, Gottardo da	Italian|Italian|Italian|Italian|Italian|Italian|Italian|Italian	-0100     |1476      |1471      |0016      |1476      |0016      |0016      	0001      |1543      |1545      |0016      |1543      |0016      |0016      	1521	1521	1521	Printed book with woodcut illustrations	Overall: 16 5/8 x 11 5/8 x 1 15/16 in. (42.2 x 29.6 x 5 cm)	Bequest of W. Gedney Beatty, 1941												Books		http://www.metmuseum.org/art/collection/search/367690	4/10/2017 8:00:07 AM	Metropolitan Museum of Art, New York, NY
242274	2005.179	False	True	368568	Drawings and Prints	Drawing	Ruins of the Imperial Palaces in Rome						Artist		Joseph Anton Koch	Austrian, Obergibeln bei Elbigenalp 1768–1839 Rome		Koch, Joseph Anton	Austrian	1768      	1839      	1810	1810	1810	Pen and black ink over graphite, squared in graphite, framing line in brown ink	sheet: 14 15/16 x 19 3/8 in. (38 x 49.2 cm)	Purchase, David T. Schiff Gift, 2005												Drawings		http://www.metmuseum.org/art/collection/search/368568	4/10/2017 8:00:07 AM	Metropolitan Museum of Art, New York, NY
244507	2005.472	False	True	370850	Drawings and Prints	Drawing	Italian View: A Pathway and Arbor at the Base of Cliffs						Artist		Friedrich Salathé	Swiss, Binningen 1793–1860 Paris		Salathé, Friedrich	Swiss	1793      	1860      	1815–21	1815	1821	Graphite, squared	sheet: 5 15/16 x 8 7/16 in. (15.1 x 21.5 cm)	Gift of Jeffrey Guerrier, 2005												Drawings		http://www.metmuseum.org/art/collection/search/370850	4/10/2017 8:00:07 AM	Metropolitan Museum of Art, New York, NY
246705	1971.636.39	False	False	373093	Drawings and Prints	Print	Transformation D						Artist		Josef Albers	American (born Germany), Bottrop 1888–1976 New Haven, Connecticut		Albers, Josef	American, born Germany	1888      	1976      	1950	1950	1950	Intaglio on formica printed relief	Sheet: 7 1/8 × 9 1/2 in. (18.1 × 24.1 cm)	Gift of the Josef Albers Foundation, Inc., 1971												Prints	© 2017 Artists Rights Society (ARS), New York	http://www.metmuseum.org/art/collection/search/373093	4/10/2017 8:00:07 AM	Metropolitan Museum of Art, New York, NY
246868	1971.636.37	False	False	373257	Drawings and Prints	Print	Transformation B						Artist		Josef Albers	American (born Germany), Bottrop 1888–1976 New Haven, Connecticut		Albers, Josef	American, born Germany	1888      	1976      	1950	1950	1950	Engraving	Sheet: 7 1/8 × 9 1/2 in. (18.1 × 24.1 cm)	Gift of the Josef Albers Foundation, Inc., 1971												Prints	© 2017 Artists Rights Society (ARS), New York	http://www.metmuseum.org/art/collection/search/373257	4/10/2017 8:00:07 AM	Metropolitan Museum of Art, New York, NY
253732	2007.223.3	False	True	380376	Drawings and Prints	Drawing	Perspectival Drawing of a Column Base with Cube						Artist		Peter Flötner	German, Thurgau 1485–1546 Nuremberg		Flötner, Peter	German	1485      	1546      	1528	1528	1528	Pen and black ink, brush and grey wash	sheet: 4 1/4 x 3 3/4 in. (10.8 x 9.5 cm)	Purchase, Jean A. Bonna Gift, 2007												Drawings		http://www.metmuseum.org/art/collection/search/380376	4/10/2017 8:00:07 AM	Metropolitan Museum of Art, New York, NY
253735	2007.223.6	False	True	380379	Drawings and Prints	Drawing	Perspectival Drawing with Three Cubes						Artist		Peter Flötner	German, Thurgau 1485–1546 Nuremberg		Flötner, Peter	German	1485      	1546      	1528	1528	1528	Pen and black ink, brush and grey wash	sheet: 2 9/16 x 4 in. (6.5 x 10.2 cm)	Purchase, Jean A. Bonna Gift, 2007												Drawings		http://www.metmuseum.org/art/collection/search/380379	4/10/2017 8:00:07 AM	Metropolitan Museum of Art, New York, NY
259764	44.1.22	False	True	386634	Drawings and Prints	Print	Tabula Cebetis						Artist		David Kandel	German, ca. 1520–ca. 1596		Kandel, David	German	1515      	1601      	16th century	1515	1601	Woodcut; second state of two	"Block: 12 13/16 × 16 1/8 in. (32.5 × 41 cm)
Sheet: 13 9/16 × 16 5/16 in. (34.5 × 41.5 cm)"	Harris Brisbane Dick Fund, 1944												Prints		http://www.metmuseum.org/art/collection/search/386634	4/10/2017 8:00:07 AM	Metropolitan Museum of Art, New York, NY
263827	2009.521.2	False	True	390933	Drawings and Prints	Drawing	Study of a Soldier						Artist		Victor-François-Eloi Biennourry	French, Bar-sur-Aube 1823–1893 Paris		Biennourry, Victor-François-Eloi	French	1823      	1893      	1851–52	1851	1852	Conté crayon, red chalk, and pastel, heightened with white, squared in conté crayon	sheet: 16 1/2 x 8 in. (41.9 x 20.3 cm)	Gift of Alexander B.V. Johnson and Roberta J.M. Olson, 2009												Drawings		http://www.metmuseum.org/art/collection/search/390933	4/10/2017 8:00:07 AM	Metropolitan Museum of Art, New York, NY
283441	26.72.43	False	True	410929	Drawings and Prints	Print	Temperance (Temperantia) from The Virtues						Artist|Artist|Publisher	After	Philips Galle|Pieter Bruegel the Elder|Hieronymus Cock	Netherlandish, Haarlem 1537–1612 Antwerp|Netherlandish, Breda (?) ca. 1525–1569 Brussels|Netherlandish, Antwerp ca. 1510–1570 Antwerp		Galle, Philips|Bruegel, Pieter, the Elder|Cock, Hieronymus	Netherlandish|Netherlandish|Netherlandish	1537      |1525      |1510      	1612      |1569      |1570      	ca.1559–60	1559	1564	Engraving; first state of two	"Sheet: 9 5/8 x 12 5/16 in. (24.4 x 31.2 cm)
Plate: 8 3/4 x 11 7/16 in. (22.3 x 29.1 cm)"	Harris Brisbane Dick Fund, 1926												Prints		http://www.metmuseum.org/art/collection/search/410929	4/10/2017 8:00:07 AM	Metropolitan Museum of Art, New York, NY
309048	24.45.1	True	True	437326	European Paintings	Painting	Blind Orion Searching for the Rising Sun						Artist		Nicolas Poussin	French, Les Andelys 1594–1665 Rome		Poussin, Nicolas	French	1594      	1665      	1658	1658	1658	Oil on canvas	46 7/8 x 72 in. (119.1 x 182.9 cm)	Fletcher Fund, 1924												Paintings		http://www.metmuseum.org/art/collection/search/437326	4/10/2017 8:00:07 AM	Metropolitan Museum of Art, New York, NY
341030	1997.196.2a-l	False	False	486856	Modern and Contemporary Art	Print	Counting Alternatives: The Wittgenstein Illustrations						Artist		Mel Bochner	American, born Pittsburgh, Pennsylvania, 1940		Bochner, Mel	American	1940      	2040      	1991	1991	1991	12 Lithographs	"Each: H. 20, W. 15 inches
(50.8 x 38.1 cm.)
"	Purchase, Reba and Dave Williams Gift, 1997												Prints		http://www.metmuseum.org/art/collection/search/486856	4/10/2017 8:00:07 AM	Metropolitan Museum of Art, New York, NY
384420	49.95.2370(1)	False	True	631739	Drawings and Prints	Print	Man Born to Toil, from The Reward of Labour and Diligence, plate 1					The Reward of Labour and Diligence	Artist|Artist	After	Philips Galle|Maarten van Heemskerck	Netherlandish, Haarlem 1537–1612 Antwerp|Netherlandish, Heemskerck 1498–1574 Haarlem		Galle, Philips|Heemskerck, Maarten van	Netherlandish|Netherlandish	1537      |1498      	1612      |1574      	1572	1572	1572	Engraving, second state of four (New Hollstein)	Sheet: 8 3/16 × 9 13/16 in. (20.8 × 25 cm)	The Elisha Whittelsey Collection, The Elisha Whittelsey Fund, 1949												Prints		http://www.metmuseum.org/art/collection/search/631739	4/10/2017 8:00:07 AM	Metropolitan Museum of Art, New York, NY
405335	34.30(3)	False	True	659663	Drawings and Prints	Print	New Inventions of Modern Times [Nova Reperta], The Invention of the Compass, plate 2						Artist|Artist|Publisher	After	Jan van der Straet, called Stradanus|Jan Collaert I|Philips Galle	Netherlandish, Bruges 1523–1605 Florence|Netherlandish, Antwerp ca. 1530–1581 Antwerp|Netherlandish, Haarlem 1537–1612 Antwerp		Straet, Jan van der, called Stradanus|Collaert, Jan, I|Galle, Philips	Netherlandish|Netherlandish|Netherlandish	1523      |1530      |1537      	1605      |1581      |1612      	ca. 1600	1595	1605	Engraving	sheet: 10 5/8 x 7 7/8 in. (27 x 20 cm)	Harris Brisbane Dick Fund, 1934												Prints		http://www.metmuseum.org/art/collection/search/659663	4/10/2017 8:00:07 AM	Metropolitan Museum of Art, New York, NY
419866	2015.716.1	False	False	692359	Drawings and Prints	Print	27/6 V from the series 'Footfalls'						Printer|Publisher|Artist		Niels Borch Jensen Editions|Galerie Hein Elferink|Linda Karshan	American, born 1947		Niels Borch Jensen Editions|Galerie Hein Elferink|Karshan, Linda		1947      	2047      	2014	2014	2014	Etching	"Sheet: 21 1/4 × 15 1/2 in. (54 × 39.4 cm)
Plate: 12 15/16 × 10 3/8 in. (32.8 × 26.4 cm)"	Gift of Linda Karshan, in honour of Samantha Rippner, 2015												Prints		http://www.metmuseum.org/art/collection/search/692359	4/10/2017 8:00:07 AM	Metropolitan Museum of Art, New York, NY
419867	2015.716.2	False	False	692361	Drawings and Prints	Print	23/6 III from the series 'Footfalls'						Printer|Artist|Publisher		Niels Borch Jensen Editions|Linda Karshan|Galerie Hein Elferink	American, born 1947		Niels Borch Jensen Editions|Karshan, Linda|Galerie Hein Elferink		1947      	2047      	2014	2014	2014	Etching	"Sheet: 21 1/16 × 15 1/2 in. (53.5 × 39.3 cm)
Plate: 12 7/8 × 10 7/16 in. (32.7 × 26.5 cm)"	Gift of Linda Karshan, in honour of Mark McDonald, 2015												Prints		http://www.metmuseum.org/art/collection/search/692361	4/10/2017 8:00:07 AM	Metropolitan Museum of Art, New York, NY
422198	2015.518	False	False	696840	Drawings and Prints	Print Portfolio	Concinnitas						Artist|Artist|Artist|Artist|Artist|Artist|Publisher|Artist|Artist|Artist|Printer|Artist|Author		Stephen Smale|Steven Weinberg|Murray Gell-Mann|Freeman Dyson|David Bryant Mumford|Simon Donaldson|Parasol Press Ltd.|Enrico Bombieri|Peter Lax|Richard Karp|Harlan & Weaver, Inc.|Michael Atiyah|Daniel Rockmore	American, born 1930|American, born 1933|American, born 1929|American, born Crowthorne, England, 1923|American, born 1937|British, born 1957|Italian, born 1940|American, born Budapest, 1926|American, born 1935|American|British, born 1929|American, born 1961		Smale, Stephen|Weinberg, Steven|Gell-Mann, Murray|Dyson, Freeman|Mumford, David Bryant|Donaldson, Simon|Parasol Press Ltd.|Bombieri, Enrico|Lax, Peter|Karp, Richard|Harlan & Weaver, Inc.|Atiyah, Michael|Rockmore, Daniel		1930      |1933      |1929      |1923      |1937      |1957      |1900      |1940      |1926      |1935      |1929      |1961      	2080      |2083      |2079      |2023      |2087      |2097      |2099      |2090      |2026      |2035      |2073      |2061      	2014	2014	2014	Aquatint	"Each Plate: 22 × 30 in. (55.9 × 76.2 cm)
Each Sheet: 26 1/8 × 31 5/8 in. (66.4 × 80.3 cm)"	John B. Turner Fund, 2015												Prints|Portfolios		http://www.metmuseum.org/art/collection/search/696840	4/10/2017 8:00:07 AM	Metropolitan Museum of Art, New York, NY
422839	2015.583	False	False	697918	Drawings and Prints	Print	Untitled from Locus						Artist|Publisher|Printer|Printer		Dorothea Rockburne|Parasol Press Ltd.|Crown Point Press|Kathan Brown	Canadian, born Montreal, 1934|American, born 1935		Rockburne, Dorothea|Parasol Press Ltd.|Crown Point Press|Brown, Kathan		1934      |1900      |1935      	2034      |2099      |2035      	1972	1972	1972	Relief etching and aquatint with graphite and white oil paint on folded Strathmore rag paper	Sheet: 39 3/4 × 30 1/16 in. (101 × 76.4 cm)	John B. Turner Fund, 2015												Prints	© 2017 Artists Rights Society (ARS), New York	http://www.metmuseum.org/art/collection/search/697918	4/10/2017 8:00:07 AM	Metropolitan Museum of Art, New York, NY
423771	2015.748	False	False	700409	Drawings and Prints	Print	Constellations						Publisher|Artist		Center for Contemporary Printmaking|Howardena Pindell	American, born Philadelphia, Pennsylvania, 1943		Center for Contemporary Printmaking|Pindell, Howardena		1943      	2043      	2015	2015	2015	Open bite etching	"Sheet: 30 × 22 in. (76.2 × 55.9 cm)
Image: 18 in. (45.7 cm)"	Gift of the artist and the Center for Contemporary Printmaking, 2015												Prints	© Howardena Pindell	http://www.metmuseum.org/art/collection/search/700409	4/10/2017 8:00:07 AM	Metropolitan Museum of Art, New York, NY
428704	1975.584.4(6)	False	False	709422	Drawings and Prints	Print	F from Sketches						Printer|Artist|Publisher		Donn Steward|Cy Twombly|Universal Limited Art Editions	American, Lexington, Virginia 1928–2011 Rome		Steward, Donn|Twombly, Cy|Universal Limited Art Editions		1950      |1928      |1950      	2000      |2011      |2050      	1967–75	1967	1975	Etching	"Plate: 6 7/8 × 4 5/16 in. (17.5 × 10.9 cm)
Sheet: 12 1/8 × 8 5/8 in. (30.8 × 21.9 cm)"	John B. Turner Fund, 1975		West Islip										Prints		http://www.metmuseum.org/art/collection/search/709422	4/10/2017 8:00:07 AM	Metropolitan Museum of Art, New York, NY
433721	1984.1085.1	False	False	718394	Drawings and Prints	Collection Ornament & Architecture	Cover Page from Geometria et Perspectiva						Artist|Publisher		Lorenz Stoer|Hans Rogel	German, ca. 1530–after 1621	, Augsburg	Stoer, Lorenz|Rogel, Hans		1530      	1621      	1567	1567	1567	Woodcut in a bound volume with 13 sheets	Sheet: 9 13/16 × 7 5/8 in. (24.9 × 19.4 cm)	The Elisha Whittelsey Collection, The Elisha Whittelsey Fund, 1984												Books|Ornament & Architecture		http://www.metmuseum.org/art/collection/search/718394	4/10/2017 8:00:07 AM	Metropolitan Museum of Art, New York, NY
437960	2016.567	False	False	727557	Drawings and Prints	Print	0+0=7						Artist		Suzanne McClelland	American, born Jacksonville, Florida, 1959		McClelland, Suzanne		1959      	9999      	2015	2015	2015	Pigmented handmade cotton and linen paper and collage	Sheet: 24 × 18 in. (61 × 45.7 cm)	Stewart S. MacDermott Fund, 2016												Prints		http://www.metmuseum.org/art/collection/search/727557	4/10/2017 8:00:07 AM	Metropolitan Museum of Art, New York, NY
442797	44.62.4	False	True	739485	Drawings and Prints	Print	Labor						Artist|Artist	After	Maerten de Vos|Raphael Sadeler I	Netherlandish, Antwerp 1532–1603 Antwerp|Netherlandish, Antwerp 1560–1628 Venice (?)		Vos, Maerten de|Sadeler, Raphael, I		1532      |1560      	1603      |1628      	1591	1591	1591	Engraving and etching	"Sheet: 9 1/4 × 10 15/16 in. (23.5 × 27.8 cm)
Plate: 8 11/16 × 10 1/4 in. (22 × 26 cm)"	Harris Brisbane Dick Fund, 1944												Prints		http://www.metmuseum.org/art/collection/search/739485	4/10/2017 8:00:07 AM	Metropolitan Museum of Art, New York, NY
442802	49.95.1495	False	True	739491	Drawings and Prints	Print	Geometria, from The Seven Liberal Arts						Artist|Artist	After	Maerten de Vos|Johann Sadeler I	Netherlandish, Antwerp 1532–1603 Antwerp|Netherlandish, Brussels 1550–1600/1601 Venice		Vos, Maerten de|Sadeler, Johann, I		1532      |1550      	1603      |1601      	ca. 1570–1600	1565	1575	Engraving and etching	Sheet (Trimmed): 5 13/16 × 4 5/16 in. (14.7 × 11 cm)	The Elisha Whittelsey Collection, The Elisha Whittelsey Fund, 1949												Prints		http://www.metmuseum.org/art/collection/search/739491	4/10/2017 8:00:07 AM	Metropolitan Museum of Art, New York, NY
442804	49.95.1492	False	True	739493	Drawings and Prints	Print	Arithmetica, from The Seven Liberal Arts						Artist|Artist	After	Maerten de Vos|Johann Sadeler I	Netherlandish, Antwerp 1532–1603 Antwerp|Netherlandish, Brussels 1550–1600/1601 Venice		Vos, Maerten de|Sadeler, Johann, I		1532      |1550      	1603      |1601      	ca. 1570–1600	1565	1575	Engraving and etching	Sheet (Trimmed): 5 13/16 × 4 3/16 in. (14.7 × 10.7 cm)	The Elisha Whittelsey Collection, The Elisha Whittelsey Fund, 1949												Prints		http://www.metmuseum.org/art/collection/search/739493	4/10/2017 8:00:07 AM	Metropolitan Museum of Art, New York, NY
442806	1992.1055.1	False	True	739495	Drawings and Prints	Print	Plate 24: Geometria XXIIII, from E-Series Tarocchi Cards						Artist		Anonymous, Italian, 15th century			Anonymous, Italian, 15th century		1400      	1500      	15th century	1400	1499	Engraving	Sheet (Trimmed): 7 3/16 × 3 15/16 in. (18.2 × 10 cm)	The Elisha Whittelsey Collection, The Elisha Whittelsey Fund, 1992												Prints		http://www.metmuseum.org/art/collection/search/739495	4/10/2017 8:00:07 AM	Metropolitan Museum of Art, New York, NY
442814	64.568.10	False	True	739505	Drawings and Prints	Print	The Architect						Artist		Georges Reverdy	French, active Lyon, 1529–57		Reverdy, (Reverdino) Georges		1500      	1600      	ca. 1529–57	1524	1557	Etching	Sheet (Trimmed): 3 1/16 × 4 3/8 in. (7.8 × 11.1 cm)	The Elisha Whittelsey Collection, The Elisha Whittelsey Fund, 1964												Prints		http://www.metmuseum.org/art/collection/search/739505	4/10/2017 8:00:07 AM	Metropolitan Museum of Art, New York, NY
